{"assets/icons/add.png":["assets/icons/add.png"],"assets/icons/back_icon.png":["assets/icons/back_icon.png"],"assets/icons/bell.png":["assets/icons/bell.png"],"assets/icons/category.png":["assets/icons/category.png"],"assets/icons/ic_about_us.png":["assets/icons/ic_about_us.png"],"assets/icons/ic_call.png":["assets/icons/ic_call.png"],"assets/icons/ic_change_password.png":["assets/icons/ic_change_password.png"],"assets/icons/ic_checkbox.png":["assets/icons/ic_checkbox.png"],"assets/icons/ic_close.png":["assets/icons/ic_close.png"],"assets/icons/ic_contact_us.png":["assets/icons/ic_contact_us.png"],"assets/icons/ic_delete.png":["assets/icons/ic_delete.png"],"assets/icons/ic_edit.png":["assets/icons/ic_edit.png"],"assets/icons/ic_email.png":["assets/icons/ic_email.png"],"assets/icons/ic_fav.png":["assets/icons/ic_fav.png"],"assets/icons/ic_fill_cart.png":["assets/icons/ic_fill_cart.png"],"assets/icons/ic_home.png":["assets/icons/ic_home.png"],"assets/icons/ic_left_arrow.png":["assets/icons/ic_left_arrow.png"],"assets/icons/ic_location_green.png":["assets/icons/ic_location_green.png"],"assets/icons/ic_my_address.png":["assets/icons/ic_my_address.png"],"assets/icons/ic_my_order.png":["assets/icons/ic_my_order.png"],"assets/icons/ic_my_wallet.png":["assets/icons/ic_my_wallet.png"],"assets/icons/ic_privacy_policy.png":["assets/icons/ic_privacy_policy.png"],"assets/icons/ic_term_condition.png":["assets/icons/ic_term_condition.png"],"assets/icons/ic_unfav.png":["assets/icons/ic_unfav.png"],"assets/icons/ic_whatsapp.png":["assets/icons/ic_whatsapp.png"],"assets/icons/logout.png":["assets/icons/logout.png"],"assets/icons/my_order.png":["assets/icons/my_order.png"],"assets/icons/search.png":["assets/icons/search.png"],"assets/icons/setting.png":["assets/icons/setting.png"],"assets/images/01.jpg":["assets/images/01.jpg"],"assets/images/02.jpg":["assets/images/02.jpg"],"assets/images/03.jpg":["assets/images/03.jpg"],"assets/images/04.jpg":["assets/images/04.jpg"],"assets/images/aboutusimage.png":["assets/images/aboutusimage.png"],"assets/images/applogo.png":["assets/images/applogo.png"],"assets/images/applogo1.png":["assets/images/applogo1.png"],"assets/images/backimagebg.png":["assets/images/backimagebg.png"],"assets/images/bgimage.png":["assets/images/bgimage.png"],"assets/images/book.jpg":["assets/images/book.jpg"],"assets/images/bottombgimage.png":["assets/images/bottombgimage.png"],"assets/images/checkoutimage.png":["assets/images/checkoutimage.png"],"assets/images/circlegreen.png":["assets/images/circlegreen.png"],"assets/images/deal.png":["assets/images/deal.png"],"assets/images/fire.png":["assets/images/fire.png"],"assets/images/ic_white_notification.png":["assets/images/ic_white_notification.png"],"assets/images/image1.png":["assets/images/image1.png"],"assets/images/iron.png":["assets/images/iron.png"],"assets/images/laser.png":["assets/images/laser.png"],"assets/images/line_green.png":["assets/images/line_green.png"],"assets/images/logo.png":["assets/images/logo.png"],"assets/images/minus_squre.png":["assets/images/minus_squre.png"],"assets/images/phonegreen.png":["assets/images/phonegreen.png"],"assets/images/plus_circle.png":["assets/images/plus_circle.png"],"assets/images/plus_circle_white.png":["assets/images/plus_circle_white.png"],"assets/images/plus_squre.png":["assets/images/plus_squre.png"],"assets/images/profile.png":["assets/images/profile.png"],"assets/images/profile_edit.png":["assets/images/profile_edit.png"],"assets/images/right_green_arrow.png":["assets/images/right_green_arrow.png"],"assets/images/rightarrow.png":["assets/images/rightarrow.png"],"assets/images/scissors.png":["assets/images/scissors.png"],"assets/images/secure_site.png":["assets/images/secure_site.png"],"assets/images/serviceimage.png":["assets/images/serviceimage.png"],"assets/images/sewingmachine.png":["assets/images/sewingmachine.png"],"assets/images/user.png":["assets/images/user.png"],"assets/images/usergreen.png":["assets/images/usergreen.png"],"packages/cupertino_icons/assets/CupertinoIcons.ttf":["packages/cupertino_icons/assets/CupertinoIcons.ttf"],"packages/fluttertoast/assets/toastify.css":["packages/fluttertoast/assets/toastify.css"],"packages/fluttertoast/assets/toastify.js":["packages/fluttertoast/assets/toastify.js"]}